{
  "project_info": {
    "project_number": "135830162089",
    "firebase_url": "https://satarkk-8bfce-default-rtdb.firebaseio.com",
    "project_id": "satarkk-8bfce",
    "storage_bucket": "satarkk-8bfce.appspot.com"
  },
  "client": [
    {
      "client_info": {
        "mobilesdk_app_id": "1:135830162089:android:df1a4d6ef689777981f7b8",
        "android_client_info": {
          "package_name": "com.mycompany.satarkk"
        }
      },
      "oauth_client": [
        {
          "client_id": "135830162089-eumlbhdg83bkf20ojl8drsjacbo4bhji.apps.googleusercontent.com",
          "client_type": 1,
          "android_info": {
            "package_name": "com.mycompany.satarkk",
            "certificate_hash": "9bbb3186b2189ef16d8f272bdab59362c395cbb4"
          }
        },
        {
          "client_id": "135830162089-fh683gd5uh0jui9pmvspq5js171pdvmb.apps.googleusercontent.com",
          "client_type": 3
        }
      ],
      "api_key": [
        {
          "current_key": "AIzaSyADSdvFX2vRearBUpLiEPnm0JhCeAWPdkk"
        }
      ],
      "services": {
        "appinvite_service": {
          "other_platform_oauth_client": [
            {
              "client_id": "135830162089-fh683gd5uh0jui9pmvspq5js171pdvmb.apps.googleusercontent.com",
              "client_type": 3
            },
            {
              "client_id": "135830162089-83fs7q2fb91m66lmgqj4rtqn9mjg1a65.apps.googleusercontent.com",
              "client_type": 2,
              "ios_info": {
                "bundle_id": "com.mycompany.satarkk"
              }
            }
          ]
        }
      }
    }
  ],
  "configuration_version": "1"
}